[
  {
    "name": "theme_info",
    "theme_name": "Simple",
    "theme_author": "Shopify",
    "theme_version": "11.1.3",
    "theme_documentation_url": "https:\/\/help.shopify.com\/manual\/using-themes\/sections",
    "theme_support_url": "https:\/\/support.shopify.com\/"
  },
  {
    "name": {
      "da": "Farver",
      "de": "Farben",
      "en": "Colors",
      "es": "Colores",
      "fi": "Värit",
      "fr": "Couleurs",
      "hi": "रंग",
      "it": "Colori",
      "ja": "色",
      "ko": "색상",
      "nb": "Farger",
      "nl": "Kleuren",
      "pt-BR": "Cores",
      "pt-PT": "Cores",
      "sv": "Färger",
      "th": "สี",
      "zh-CN": "颜色",
      "zh-TW": "色彩"
    },
    "settings": [
      {
        "type": "color",
        "id": "color_body_bg",
        "label": {
          "da": "Baggrund",
          "de": "Hintergrund",
          "en": "Background",
          "es": "Fondo",
          "fi": "Tausta",
          "fr": "Arrière-plan",
          "hi": "पृष्ठभूमि",
          "it": "Sfondo",
          "ja": "背景",
          "ko": "배경",
          "nb": "Bakgrunn",
          "nl": "Achtergrond",
          "pt-BR": "Plano de fundo",
          "pt-PT": "Fundo",
          "sv": "Bakgrund",
          "th": "พื้นหลัง",
          "zh-CN": "背景",
          "zh-TW": "背景"
        },
        "default": "#ffffff"
      },
      {
        "type": "color",
        "id": "color_body_text",
        "label": {
          "da": "Tekst",
          "de": "Text",
          "en": "Text",
          "es": "Texto",
          "fi": "Teksti",
          "fr": "Texte",
          "hi": "टेक्स्ट",
          "it": "Testo",
          "ja": "テキスト",
          "ko": "텍스트",
          "nb": "Tekst",
          "nl": "Tekst",
          "pt-BR": "Texto",
          "pt-PT": "Texto",
          "sv": "Text",
          "th": "ข้อความ",
          "zh-CN": "文本",
          "zh-TW": "文字"
        },
        "default": "#000000"
      },
      {
        "type": "color",
        "id": "color_primary_color",
        "label": {
          "da": "Baggrund for links og den primære knap",
          "de": "Links und Hintergrund primäre Schaltflächen",
          "en": "Links and primary button background",
          "es": "Enlaces y fondo de botón principal",
          "fi": "Linkkien ja ensisijaisen painikkeen tausta",
          "fr": "Liens et arrière-plan du bouton principal",
          "hi": "लिंक और प्राथमिक बटन की पृष्ठभूमि",
          "it": "Sfondo link e pulsante primario",
          "ja": "リンクとプライマリボタンの背景",
          "ko": "링크 및 기본 버튼 배경",
          "nb": "Bakgrunn for koblinger og primærknapp",
          "nl": "Achtergrond van links en primaire knop",
          "pt-BR": "Links e fundo do botão principal",
          "pt-PT": "Fundo do botão principal e ligações",
          "sv": "Länkar och primär knappbakgrund",
          "th": "ลิงก์และพื้นหลังของปุ่มหลัก",
          "zh-CN": "链接和主按钮背景",
          "zh-TW": "連結與主要按鈕背景"
        },
        "default": "#000000",
        "info": {
          "da": "Se links til indkøbskurv, betaling og brødtekst",
          "de": "Anzeigen von Warenkorb, Checkout und Textlinks",
          "en": "View cart, Check out, and body text links",
          "es": "Ver carrito, pantalla de pago y enlaces del cuerpo del texto",
          "fi": "Näytä ostoskori-, Maksu kassalle- ja Leipäteksti-linkit",
          "fr": "Afficher le panier, le lien et les liens du corps du texte",
          "hi": "कार्ट, चेक आउट और बॉडी टेक्स्ट लिंक देखें",
          "it": "Visualizza link di carrello, check-out e corpo del testo",
          "ja": "カート、チェックアウト、本文リンクを表示する",
          "ko": "카트, 결제 및 본문 링크 보기",
          "nb": "Koblinger til Vis handlekurv, Gå til kassen og brødtekst",
          "nl": "Links van winkelwagen, afrekenen en hoofdtekst weergeven",
          "pt-BR": "Visualizar carrinho, finalização da compra e links de texto do corpo",
          "pt-PT": "Ver carrinho, finalização da compra e ligações de texto do corpo",
          "sv": "Visa varukorg, kassa och brödtextlänkar",
          "th": "แสดงตะกร้าสินค้า การชำระเงิน และลิงก์ข้อความเนื้อหา",
          "zh-CN": "查看购物车、结账和正文文本链接",
          "zh-TW": "查看購物車、結帳與內文連結"
        }
      },
      {
        "type": "color",
        "id": "color_primary_button_text",
        "label": {
          "da": "Knaptekst for primær knap",
          "de": "Text primäre Schaltflächen",
          "en": "Primary button text",
          "es": "Texto del botón primario",
          "fi": "Ensisijaisen painikkeen teksti",
          "fr": "Texte du bouton principal",
          "hi": "प्राथमिक बटन टेक्स्ट",
          "it": "Testo pulsante primario",
          "ja": "プライマリボタンのテキスト",
          "ko": "기본 버튼 텍스트",
          "nb": "Tekst for primærknapp",
          "nl": "Tekst van primaire knop",
          "pt-BR": "Texto do botão primário",
          "pt-PT": "Texto do botão principal",
          "sv": "Primär knapptext",
          "th": "ข้อความปุ่มหลัก",
          "zh-CN": "主按钮文本",
          "zh-TW": "主要按鈕文字"
        },
        "default": "#000000"
      },
      {
        "type": "color",
        "id": "color_sale_badge",
        "label": {
          "da": "Salgstags",
          "de": "Angebots-Tags",
          "en": "Sale tags",
          "es": "Etiquetas de venta",
          "fi": "Alennusmyyntitunnisteet",
          "fr": "Balises de réduction",
          "hi": "सेल टैग",
          "it": "Tag offerta",
          "ja": "販売タグ",
          "ko": "판매 태그",
          "nb": "Salgstagger",
          "nl": "Verkoop-tags",
          "pt-BR": "Tags de venda",
          "pt-PT": "Etiquetas de venda",
          "sv": "Reataggar",
          "th": "แถบป้ายแสดงการลดราคา",
          "zh-CN": "销售标签",
          "zh-TW": "銷售標籤"
        },
        "default": "#000000"
      },
      {
        "type": "color",
        "id": "color_borders",
        "label": {
          "da": "Kanter og beskæringer",
          "de": "Rahmen und Linien",
          "en": "Borders and lines",
          "es": "Bordes y líneas",
          "fi": "Rajat ja viivat",
          "fr": "Bordures et lignes",
          "hi": "बॉर्डर और लाइन",
          "it": "Bordi e linee",
          "ja": "罫線と線",
          "ko": "테두리 및 라인",
          "nb": "Border og linjer",
          "nl": "Randen en lijnen",
          "pt-BR": "Bordas e linhas",
          "pt-PT": "Limites e linhas",
          "sv": "Gränser och linjer",
          "th": "เส้นขอบและบรรทัด",
          "zh-CN": "边框和线条",
          "zh-TW": "邊框和線條"
        },
        "default": "#eceff1"
      },
      {
        "type": "color",
        "id": "color_form",
        "label": {
          "da": "Baggrund for formularfelt",
          "de": "Hintergrund Formularfelder",
          "en": "Form field background",
          "es": "Fondo de campo de formulario",
          "fi": "Lomakekentän tausta",
          "fr": "Fond de champ de formulaire",
          "hi": "फ़ील्ड का बैकग्राउंड बनाएं",
          "it": "Sfondo campo modulo",
          "ja": "フォームフィールドの背景",
          "ko": "양식 필드 배경",
          "nb": "Bakgrunn for skjemafelt",
          "nl": "Achtergrond van formulierveld",
          "pt-BR": "Fundo de campo de formulário",
          "pt-PT": "Fundo de campo de formulário",
          "sv": "Formulärfält bakgrund",
          "th": "พื้นหลังของช่องแบบฟอร์ม",
          "zh-CN": "表格字段背景",
          "zh-TW": "表單欄位背景"
        },
        "default": "#f4f4f4"
      },
      {
        "type": "header",
        "content": {
          "da": "Overlejring af billeder",
          "de": "Bildüberlagerungen",
          "en": "Image overlays",
          "es": "Superposiciones de imágenes",
          "fi": "Kuvan peitto",
          "fr": "Superpositions d'images",
          "hi": "इमेज ओवरले",
          "it": "Sovrapposizioni di immagine",
          "ja": "画像のオーバーレイ",
          "ko": "이미지 오버레이",
          "nb": "Bildeoverlegg",
          "nl": "Afbeelding-overlays",
          "pt-BR": "Sobreposições de imagens",
          "pt-PT": "Sobreposições de imagens",
          "sv": "Bildöverlagring",
          "th": "การวางซ้อนรูปภาพ",
          "zh-CN": "图片叠加",
          "zh-TW": "圖片疊加層"
        }
      },
      {
        "type": "color",
        "id": "color_image_overlay_text",
        "label": {
          "da": "Tekst",
          "de": "Text",
          "en": "Text",
          "es": "Texto",
          "fi": "Teksti",
          "fr": "Texte",
          "hi": "टेक्स्ट",
          "it": "Testo",
          "ja": "テキスト",
          "ko": "텍스트",
          "nb": "Tekst",
          "nl": "Tekst",
          "pt-BR": "Texto",
          "pt-PT": "Texto",
          "sv": "Text",
          "th": "ข้อความ",
          "zh-CN": "文本",
          "zh-TW": "文字"
        },
        "default": "#fff"
      },
      {
        "type": "color",
        "id": "color_image_overlay",
        "label": {
          "da": "Baggrund",
          "de": "Hintergrund",
          "en": "Background",
          "es": "Fondo",
          "fi": "Tausta",
          "fr": "Arrière-plan",
          "hi": "पृष्ठभूमि",
          "it": "Sfondo",
          "ja": "背景",
          "ko": "배경",
          "nb": "Bakgrunn",
          "nl": "Achtergrond",
          "pt-BR": "Plano de fundo",
          "pt-PT": "Fundo",
          "sv": "Bakgrund",
          "th": "พื้นหลัง",
          "zh-CN": "背景",
          "zh-TW": "背景"
        },
        "default": "#3d4246"
      },
      {
        "type": "range",
        "id": "image_overlay_opacity",
        "label": {
          "da": "Uigennemsigtighed",
          "de": "Opazität",
          "en": "Opacity",
          "es": "Opacidad",
          "fi": "Sameus",
          "fr": "Opacité",
          "hi": "अस्पष्टता",
          "it": "Opacità",
          "ja": "不透過率",
          "ko": "불투명도",
          "nb": "Gjennomsiktighet",
          "nl": "Doorschijnendheid",
          "pt-BR": "Opacidade",
          "pt-PT": "Opacidade",
          "sv": "Opacitet",
          "th": "ความทึบ",
          "zh-CN": "不透明度",
          "zh-TW": "透明度"
        },
        "min": 0,
        "max": 100,
        "step": 1,
        "unit": {
          "da": "%",
          "de": "%",
          "en": "%",
          "es": "%",
          "fi": "%",
          "fr": "%",
          "hi": "%",
          "it": "%",
          "ja": "%",
          "ko": "%",
          "nb": "%",
          "nl": "%",
          "pt-BR": "%",
          "pt-PT": "%",
          "sv": "%",
          "th": "%",
          "zh-CN": "%",
          "zh-TW": "%"
        },
        "default": 25
      }
    ]
  },
  {
    "name": {
      "da": "Typografi",
      "de": "Typografie",
      "en": "Typography",
      "es": "Tipografía",
      "fi": "Typografia",
      "fr": "Typographie",
      "hi": "Typography",
      "it": "Caratteri tipografici",
      "ja": "文字体裁",
      "ko": "입력 체계",
      "nb": "Typografi",
      "nl": "Typografie",
      "pt-BR": "Tipografia",
      "pt-PT": "Tipografia",
      "sv": "Typografi",
      "th": "ตัวพิมพ์",
      "zh-CN": "版式",
      "zh-TW": "印刷樣式"
    },
    "settings": [
      {
        "type": "header",
        "content": {
          "da": "Overskrifter",
          "de": "Überschriften",
          "en": "Headings",
          "es": "Títulos",
          "fi": "Otsikot",
          "fr": "Titres",
          "hi": "शीर्षक",
          "it": "Titoli",
          "ja": "見出し",
          "ko": "제목",
          "nb": "Overskrifter",
          "nl": "Kopteksten",
          "pt-BR": "Títulos",
          "pt-PT": "Títulos",
          "sv": "Rubriker",
          "th": "ส่วนหัว",
          "zh-CN": "标题",
          "zh-TW": "標題"
        }
      },
      {
        "type": "font_picker",
        "id": "type_header_font",
        "label": {
          "da": "Skrifttype",
          "de": "Schriftart",
          "en": "Font",
          "es": "Fuente",
          "fi": "Fontti",
          "fr": "Police",
          "hi": "फ़ॉन्ट",
          "it": "Font",
          "ja": "フォント",
          "ko": "글꼴",
          "nb": "Skrifttype",
          "nl": "Lettertype",
          "pt-BR": "Fonte",
          "pt-PT": "Tipo de letra",
          "sv": "Typsnitt",
          "th": "แบบอักษร",
          "zh-CN": "字体",
          "zh-TW": "字型"
        },
        "default": "times_new_roman_n4"
      },
      {
        "type": "select",
        "id": "type_header_base_size",
        "label": {
          "da": "Basisstørrelse",
          "de": "Basisgröße",
          "en": "Base size",
          "es": "Tamaño de base",
          "fi": "Peruskoko",
          "fr": "Taille de base",
          "hi": "मूल आकार",
          "it": "Dimensione base",
          "ja": "基本サイズ",
          "ko": "기본 사이즈",
          "nb": "Grunnstørrelse",
          "nl": "Basisafmeting",
          "pt-BR": "Tamanho básico",
          "pt-PT": "Tamanho básico",
          "sv": "Basstorlek",
          "th": "ขนาดพื้นฐาน",
          "zh-CN": "基本尺寸",
          "zh-TW": "基本尺寸"
        },
        "options": [
          {
            "value": "20px",
            "label": {
              "da": "20 px",
              "de": "20px",
              "en": "20px",
              "es": "20px",
              "fi": "20 pikseliä",
              "fr": "20 px",
              "hi": "20 पिक्सेल",
              "it": "20 px",
              "ja": "20ピクセル",
              "ko": "20픽셀",
              "nb": "20px",
              "nl": "20px",
              "pt-BR": "20px",
              "pt-PT": "20 px",
              "sv": "20 px",
              "th": "20 พิกเซล",
              "zh-CN": "20 px",
              "zh-TW": "20 像素"
            }
          },
          {
            "value": "21px",
            "label": {
              "da": "21 px",
              "de": "21px",
              "en": "21px",
              "es": "21px",
              "fi": "21 pikseliä",
              "fr": "21 px",
              "hi": "21 पिक्सेल",
              "it": "21 px",
              "ja": "21ピクセル",
              "ko": "21픽셀",
              "nb": "21px",
              "nl": "21px",
              "pt-BR": "21px",
              "pt-PT": "21 px",
              "sv": "21 px",
              "th": "21 พิกเซล",
              "zh-CN": "21 px",
              "zh-TW": "21 像素"
            }
          },
          {
            "value": "22px",
            "label": {
              "da": "22 px",
              "de": "22px",
              "en": "22px",
              "es": "22px",
              "fi": "22 pikseliä",
              "fr": "22 px",
              "hi": "22 पिक्सेल",
              "it": "22 px",
              "ja": "22ピクセル",
              "ko": "22픽셀",
              "nb": "22px",
              "nl": "22px",
              "pt-BR": "22px",
              "pt-PT": "22 px",
              "sv": "22 px",
              "th": "22 พิกเซล",
              "zh-CN": "22 px",
              "zh-TW": "22 像素"
            }
          },
          {
            "value": "23px",
            "label": {
              "da": "23 px",
              "de": "23px",
              "en": "23px",
              "es": "23px",
              "fi": "23 pikseliä",
              "fr": "23 px",
              "hi": "23 पिक्सेल",
              "it": "23 px",
              "ja": "23ピクセル",
              "ko": "23픽셀",
              "nb": "23px",
              "nl": "23px",
              "pt-BR": "23px",
              "pt-PT": "23 px",
              "sv": "23 px",
              "th": "23 พิกเซล",
              "zh-CN": "23 px",
              "zh-TW": "23 像素"
            }
          },
          {
            "value": "24px",
            "label": {
              "da": "24 px",
              "de": "24px",
              "en": "24px",
              "es": "24px",
              "fi": "24 pikseliä",
              "fr": "24 px",
              "hi": "24 पिक्सेल",
              "it": "24 px",
              "ja": "24ピクセル",
              "ko": "24픽셀",
              "nb": "24px",
              "nl": "24px",
              "pt-BR": "24px",
              "pt-PT": "24 px",
              "sv": "24 px",
              "th": "24 พิกเซล",
              "zh-CN": "24 px",
              "zh-TW": "24 像素"
            }
          },
          {
            "value": "25px",
            "label": {
              "da": "25 px",
              "de": "25px",
              "en": "25px",
              "es": "25px",
              "fi": "25 pikseliä",
              "fr": "25 px",
              "hi": "25 पिक्सेल",
              "it": "25 px",
              "ja": "25ピクセル",
              "ko": "25픽셀",
              "nb": "25px",
              "nl": "25px",
              "pt-BR": "25px",
              "pt-PT": "25 px",
              "sv": "25 px",
              "th": "25 พิกเซล",
              "zh-CN": "25 px",
              "zh-TW": "25 像素"
            }
          },
          {
            "value": "26px",
            "label": {
              "da": "26 px",
              "de": "26px",
              "en": "26px",
              "es": "26px",
              "fi": "26 pikseliä",
              "fr": "26 px",
              "hi": "26 पिक्सेल",
              "it": "26 px",
              "ja": "26ピクセル",
              "ko": "26픽셀",
              "nb": "26px",
              "nl": "26px",
              "pt-BR": "26px",
              "pt-PT": "26 px",
              "sv": "26 px",
              "th": "26px",
              "zh-CN": "26 px",
              "zh-TW": "26 像素"
            }
          },
          {
            "value": "27px",
            "label": {
              "da": "27 px",
              "de": "27px",
              "en": "27px",
              "es": "27px",
              "fi": "27 pikseliä",
              "fr": "27 px",
              "hi": "27 पिक्सेल",
              "it": "27 px",
              "ja": "27ピクセル",
              "ko": "27픽셀",
              "nb": "27px",
              "nl": "27px",
              "pt-BR": "27px",
              "pt-PT": "27 px",
              "sv": "27 px",
              "th": "27 พิกเซล",
              "zh-CN": "27 px",
              "zh-TW": "27 像素"
            }
          },
          {
            "value": "28px",
            "label": {
              "da": "28 px",
              "de": "28px",
              "en": "28px",
              "es": "28px",
              "fi": "28 pikseliä",
              "fr": "28 px",
              "hi": "28 पिक्सेल",
              "it": "28 px",
              "ja": "28ピクセル",
              "ko": "28픽셀",
              "nb": "28px",
              "nl": "28px",
              "pt-BR": "28px",
              "pt-PT": "28 px",
              "sv": "28 px",
              "th": "28px",
              "zh-CN": "28 px",
              "zh-TW": "28 像素"
            }
          },
          {
            "value": "29px",
            "label": {
              "da": "29 px",
              "de": "29px",
              "en": "29px",
              "es": "29px",
              "fi": "29 piks.",
              "fr": "29 px",
              "hi": "29px",
              "it": "29 px",
              "ja": "29ピクセル",
              "ko": "29픽셀",
              "nb": "29 piksler",
              "nl": "29px",
              "pt-BR": "29px",
              "pt-PT": "29px",
              "sv": "29px",
              "th": "29px",
              "zh-CN": "29 px",
              "zh-TW": "29 像素"
            }
          },
          {
            "value": "30px",
            "label": {
              "da": "30 px",
              "de": "30px",
              "en": "30px",
              "es": "30px",
              "fi": "30 px",
              "fr": "30 px",
              "hi": "30पिक्सेल",
              "it": "30 px",
              "ja": "30ピクセル",
              "ko": "30픽셀",
              "nb": "30 piksler",
              "nl": "30px",
              "pt-BR": "30px",
              "pt-PT": "30 px",
              "sv": "30 px",
              "th": "30px",
              "zh-CN": "30 PX",
              "zh-TW": "30 像素"
            }
          },
          {
            "value": "31px",
            "label": {
              "da": "31 px",
              "de": "31px",
              "en": "31px",
              "es": "31px",
              "fi": "31 piks.",
              "fr": "31 px",
              "hi": "31px",
              "it": "31 px",
              "ja": "31ピクセル",
              "ko": "31픽셀",
              "nb": "31 piksler",
              "nl": "31px",
              "pt-BR": "31px",
              "pt-PT": "31px",
              "sv": "31px",
              "th": "31px",
              "zh-CN": "31 px",
              "zh-TW": "31 像素"
            }
          },
          {
            "value": "32px",
            "label": {
              "da": "32 px",
              "de": "32px",
              "en": "32px",
              "es": "32px",
              "fi": "32 px",
              "fr": "32 px",
              "hi": "32पिक्सेल",
              "it": "32 px",
              "ja": "32ピクセル",
              "ko": "32픽셀",
              "nb": "32 piksler",
              "nl": "32px",
              "pt-BR": "32px",
              "pt-PT": "32 px",
              "sv": "32 px",
              "th": "32px",
              "zh-CN": "32 PX",
              "zh-TW": "32 像素"
            }
          }
        ]
      },
      {
        "type": "header",
        "content": {
          "da": "Brødtekst",
          "de": "Fließtext",
          "en": "Body text",
          "es": "Texto del cuerpo",
          "fi": "Leipäteksti",
          "fr": "Corps du texte",
          "hi": "मुख्य भाग",
          "it": "Corpo del testo",
          "ja": "本文",
          "ko": "본문 텍스트",
          "nb": "Brødtekst",
          "nl": "Hoofdtekst",
          "pt-BR": "Corpo do texto",
          "pt-PT": "Corpo de texto",
          "sv": "Brödtext",
          "th": "ข้อความเนื้อหา",
          "zh-CN": "正文文本",
          "zh-TW": "內文"
        }
      },
      {
        "type": "font_picker",
        "id": "type_base_font",
        "label": {
          "da": "Skrifttype",
          "de": "Schriftart",
          "en": "Font",
          "es": "Fuente",
          "fi": "Fontti",
          "fr": "Police",
          "hi": "फ़ॉन्ट",
          "it": "Font",
          "ja": "フォント",
          "ko": "글꼴",
          "nb": "Skrifttype",
          "nl": "Lettertype",
          "pt-BR": "Fonte",
          "pt-PT": "Tipo de letra",
          "sv": "Typsnitt",
          "th": "แบบอักษร",
          "zh-CN": "字体",
          "zh-TW": "字型"
        },
        "default": "helvetica_n4"
      },
      {
        "type": "select",
        "id": "type_base_size",
        "label": {
          "da": "Basisstørrelse",
          "de": "Basisgröße",
          "en": "Base size",
          "es": "Tamaño de base",
          "fi": "Peruskoko",
          "fr": "Taille de base",
          "hi": "मूल आकार",
          "it": "Dimensione base",
          "ja": "基本サイズ",
          "ko": "기본 사이즈",
          "nb": "Grunnstørrelse",
          "nl": "Basisafmeting",
          "pt-BR": "Tamanho básico",
          "pt-PT": "Tamanho básico",
          "sv": "Basstorlek",
          "th": "ขนาดพื้นฐาน",
          "zh-CN": "基本尺寸",
          "zh-TW": "基本尺寸"
        },
        "options": [
          {
            "value": "14px",
            "label": {
              "da": "14 px",
              "de": "14px",
              "en": "14px",
              "es": "14px",
              "fi": "14 pikseliä",
              "fr": "14 px",
              "hi": "14 पिक्सेल",
              "it": "14 px",
              "ja": "14ピクセル",
              "ko": "14픽셀",
              "nb": "14px",
              "nl": "14px",
              "pt-BR": "14px",
              "pt-PT": "14 px",
              "sv": "14 px",
              "th": "14px",
              "zh-CN": "14 px",
              "zh-TW": "14px"
            }
          },
          {
            "value": "15px",
            "label": {
              "da": "15 px",
              "de": "15px",
              "en": "15px",
              "es": "15px",
              "fi": "15 pikseliä",
              "fr": "15 px",
              "hi": "15 पिक्सेल",
              "it": "15 px",
              "ja": "15ピクセル",
              "ko": "15픽셀",
              "nb": "15px",
              "nl": "15px",
              "pt-BR": "15px",
              "pt-PT": "15 px",
              "sv": "15 px",
              "th": "15px",
              "zh-CN": "15 px",
              "zh-TW": "15px"
            }
          },
          {
            "value": "16px",
            "label": {
              "da": "16 px",
              "de": "16px",
              "en": "16px",
              "es": "16px",
              "fi": "16 pikseliä",
              "fr": "16 px",
              "hi": "16 पिक्सेल",
              "it": "16 px",
              "ja": "16ピクセル",
              "ko": "16픽셀",
              "nb": "16px",
              "nl": "16px",
              "pt-BR": "16px",
              "pt-PT": "16 px",
              "sv": "16 px",
              "th": "16px",
              "zh-CN": "16 px",
              "zh-TW": "16px"
            }
          },
          {
            "value": "17px",
            "label": {
              "da": "17 px",
              "de": "17px",
              "en": "17px",
              "es": "17px",
              "fi": "17 pikseliä",
              "fr": "17 px",
              "hi": "17 पिक्सेल",
              "it": "17 px",
              "ja": "17ピクセル",
              "ko": "17픽셀",
              "nb": "17px",
              "nl": "17px",
              "pt-BR": "17px",
              "pt-PT": "17 px",
              "sv": "17 px",
              "th": "17px",
              "zh-CN": "17 px",
              "zh-TW": "17px"
            }
          },
          {
            "value": "18px",
            "label": {
              "da": "18 px",
              "de": "18px",
              "en": "18px",
              "es": "18px",
              "fi": "18 pikseliä",
              "fr": "18 px",
              "hi": "18 पिक्सेल",
              "it": "18 px",
              "ja": "18ピクセル",
              "ko": "18픽셀",
              "nb": "18px",
              "nl": "18px",
              "pt-BR": "18px",
              "pt-PT": "18 px",
              "sv": "18 px",
              "th": "18px",
              "zh-CN": "18 px",
              "zh-TW": "18px"
            }
          },
          {
            "value": "19px",
            "label": {
              "da": "19 px",
              "de": "19px",
              "en": "19px",
              "es": "19px",
              "fi": "19 pikseliä",
              "fr": "19 px",
              "hi": "19 पिक्सेल",
              "it": "19 px",
              "ja": "19ピクセル",
              "ko": "19픽셀",
              "nb": "19px",
              "nl": "19px",
              "pt-BR": "19px",
              "pt-PT": "19 px",
              "sv": "19 px",
              "th": "19px",
              "zh-CN": "19 px",
              "zh-TW": "19px"
            }
          }
        ]
      },
      {
        "type": "header",
        "content": {
          "da": "Knapper og navigation",
          "de": "Schaltflächen und Navigation",
          "en": "Buttons and navigation",
          "es": "Botones y navegación",
          "fi": "Painikkeet ja navigointi",
          "fr": "Boutons et navigation",
          "hi": "बटन और नेविगेशन",
          "it": "Pulsanti e navigazione",
          "ja": "ボタンとメニュー",
          "ko": "버튼 및 탐색",
          "nb": "Knapper og navigasjon",
          "nl": "Knoppen en navigatie",
          "pt-BR": "Botões e navegação",
          "pt-PT": "Botões e navegação",
          "sv": "Knappar och navigering",
          "th": "ปุ่มและการนำทาง",
          "zh-CN": "按钮和网站地图",
          "zh-TW": "按鈕與導覽"
        }
      },
      {
        "type": "select",
        "id": "type_button_base_size",
        "label": {
          "da": "Knapstørrelse",
          "de": "Schaltflächengröße",
          "en": "Button size",
          "es": "Tamaño del botón",
          "fi": "Painikkeen koko",
          "fr": "Taille du bouton",
          "hi": "बटन का आकार",
          "it": "Dimensione pulsante",
          "ja": "ボタンのサイズ",
          "ko": "버튼 사이즈",
          "nb": "Knappestørrelse",
          "nl": "Afmeting knop",
          "pt-BR": "Tamanho do botão",
          "pt-PT": "Tamanho do botão",
          "sv": "Knappstorlek",
          "th": "ขนาดปุ่ม",
          "zh-CN": "按钮大小",
          "zh-TW": "按鈕尺寸"
        },
        "options": [
          {
            "value": "12px",
            "label": {
              "da": "12 px",
              "de": "12px",
              "en": "12px",
              "es": "12px",
              "fi": "12 px",
              "fr": "12 px",
              "hi": "12पिक्सेल",
              "it": "12 px",
              "ja": "12ピクセル",
              "ko": "12픽셀",
              "nb": "12 piksler",
              "nl": "12px",
              "pt-BR": "12px",
              "pt-PT": "12px",
              "sv": "12 px",
              "th": "12px",
              "zh-CN": "12 px",
              "zh-TW": "12px"
            }
          },
          {
            "value": "13px",
            "label": {
              "da": "13 px",
              "de": "13px",
              "en": "13px",
              "es": "13px",
              "fi": "13 px",
              "fr": "13 px",
              "hi": "13पिक्सेल",
              "it": "13 px",
              "ja": "13ピクセル",
              "ko": "13픽셀",
              "nb": "13 piksler",
              "nl": "13px",
              "pt-BR": "13px",
              "pt-PT": "13px",
              "sv": "13 px",
              "th": "13px",
              "zh-CN": "13 px",
              "zh-TW": "13px"
            }
          },
          {
            "value": "14px",
            "label": {
              "da": "14 px",
              "de": "14px",
              "en": "14px",
              "es": "14px",
              "fi": "14 pikseliä",
              "fr": "14 px",
              "hi": "14 पिक्सेल",
              "it": "14 px",
              "ja": "14ピクセル",
              "ko": "14픽셀",
              "nb": "14px",
              "nl": "14px",
              "pt-BR": "14px",
              "pt-PT": "14 px",
              "sv": "14 px",
              "th": "14px",
              "zh-CN": "14 px",
              "zh-TW": "14px"
            }
          },
          {
            "value": "15px",
            "label": {
              "da": "15 px",
              "de": "15px",
              "en": "15px",
              "es": "15px",
              "fi": "15 pikseliä",
              "fr": "15 px",
              "hi": "15 पिक्सेल",
              "it": "15 px",
              "ja": "15ピクセル",
              "ko": "15픽셀",
              "nb": "15px",
              "nl": "15px",
              "pt-BR": "15px",
              "pt-PT": "15 px",
              "sv": "15 px",
              "th": "15px",
              "zh-CN": "15 px",
              "zh-TW": "15px"
            }
          },
          {
            "value": "16px",
            "label": {
              "da": "16 px",
              "de": "16px",
              "en": "16px",
              "es": "16px",
              "fi": "16 pikseliä",
              "fr": "16 px",
              "hi": "16 पिक्सेल",
              "it": "16 px",
              "ja": "16ピクセル",
              "ko": "16픽셀",
              "nb": "16px",
              "nl": "16px",
              "pt-BR": "16px",
              "pt-PT": "16 px",
              "sv": "16 px",
              "th": "16px",
              "zh-CN": "16 px",
              "zh-TW": "16px"
            }
          },
          {
            "value": "17px",
            "label": {
              "da": "17 px",
              "de": "17px",
              "en": "17px",
              "es": "17px",
              "fi": "17 pikseliä",
              "fr": "17 px",
              "hi": "17 पिक्सेल",
              "it": "17 px",
              "ja": "17ピクセル",
              "ko": "17픽셀",
              "nb": "17px",
              "nl": "17px",
              "pt-BR": "17px",
              "pt-PT": "17 px",
              "sv": "17 px",
              "th": "17px",
              "zh-CN": "17 px",
              "zh-TW": "17px"
            }
          },
          {
            "value": "18px",
            "label": {
              "da": "18 px",
              "de": "18px",
              "en": "18px",
              "es": "18px",
              "fi": "18 pikseliä",
              "fr": "18 px",
              "hi": "18 पिक्सेल",
              "it": "18 px",
              "ja": "18ピクセル",
              "ko": "18픽셀",
              "nb": "18px",
              "nl": "18px",
              "pt-BR": "18px",
              "pt-PT": "18 px",
              "sv": "18 px",
              "th": "18px",
              "zh-CN": "18 px",
              "zh-TW": "18px"
            }
          },
          {
            "value": "19px",
            "label": {
              "da": "19 px",
              "de": "19px",
              "en": "19px",
              "es": "19px",
              "fi": "19 pikseliä",
              "fr": "19 px",
              "hi": "19 पिक्सेल",
              "it": "19 px",
              "ja": "19ピクセル",
              "ko": "19픽셀",
              "nb": "19px",
              "nl": "19px",
              "pt-BR": "19px",
              "pt-PT": "19 px",
              "sv": "19 px",
              "th": "19px",
              "zh-CN": "19 px",
              "zh-TW": "19px"
            }
          },
          {
            "value": "20px",
            "label": {
              "da": "20 px",
              "de": "20px",
              "en": "20px",
              "es": "20px",
              "fi": "20 pikseliä",
              "fr": "20 px",
              "hi": "20 पिक्सेल",
              "it": "20 px",
              "ja": "20ピクセル",
              "ko": "20픽셀",
              "nb": "20px",
              "nl": "20px",
              "pt-BR": "20px",
              "pt-PT": "20 px",
              "sv": "20 px",
              "th": "20 พิกเซล",
              "zh-CN": "20 px",
              "zh-TW": "20 像素"
            }
          },
          {
            "value": "21px",
            "label": {
              "da": "21 px",
              "de": "21px",
              "en": "21px",
              "es": "21px",
              "fi": "21 pikseliä",
              "fr": "21 px",
              "hi": "21 पिक्सेल",
              "it": "21 px",
              "ja": "21ピクセル",
              "ko": "21픽셀",
              "nb": "21px",
              "nl": "21px",
              "pt-BR": "21px",
              "pt-PT": "21 px",
              "sv": "21 px",
              "th": "21 พิกเซล",
              "zh-CN": "21 px",
              "zh-TW": "21 像素"
            }
          },
          {
            "value": "22px",
            "label": {
              "da": "22 px",
              "de": "22px",
              "en": "22px",
              "es": "22px",
              "fi": "22 pikseliä",
              "fr": "22 px",
              "hi": "22 पिक्सेल",
              "it": "22 px",
              "ja": "22ピクセル",
              "ko": "22픽셀",
              "nb": "22px",
              "nl": "22px",
              "pt-BR": "22px",
              "pt-PT": "22 px",
              "sv": "22 px",
              "th": "22 พิกเซล",
              "zh-CN": "22 px",
              "zh-TW": "22 像素"
            }
          }
        ]
      },
      {
        "type": "select",
        "id": "type_navigation_base_size",
        "label": {
          "da": "Størrelse for navigation",
          "de": "Größe Navigation",
          "en": "Navigation size",
          "es": "Tamaño de navegación",
          "fi": "Navigointikoko",
          "fr": "Taille de navigation",
          "hi": "नेविगेशन का आकार",
          "it": "Dimensione navigazione",
          "ja": "メニューのサイズ",
          "ko": "탐색 사이즈",
          "nb": "Størrelse for navigasjon",
          "nl": "Afmeting navigatie",
          "pt-BR": "Tamanho de navegação",
          "pt-PT": "Tamanho de navegação",
          "sv": "Navigationsstorlek",
          "th": "ขนาดการนำทาง",
          "zh-CN": "网站地图栏大小",
          "zh-TW": "導覽尺寸"
        },
        "options": [
          {
            "value": "12px",
            "label": {
              "da": "12 px",
              "de": "12px",
              "en": "12px",
              "es": "12px",
              "fi": "12 px",
              "fr": "12 px",
              "hi": "12पिक्सेल",
              "it": "12 px",
              "ja": "12ピクセル",
              "ko": "12픽셀",
              "nb": "12 piksler",
              "nl": "12px",
              "pt-BR": "12px",
              "pt-PT": "12px",
              "sv": "12 px",
              "th": "12px",
              "zh-CN": "12 px",
              "zh-TW": "12px"
            }
          },
          {
            "value": "13px",
            "label": {
              "da": "13 px",
              "de": "13px",
              "en": "13px",
              "es": "13px",
              "fi": "13 px",
              "fr": "13 px",
              "hi": "13पिक्सेल",
              "it": "13 px",
              "ja": "13ピクセル",
              "ko": "13픽셀",
              "nb": "13 piksler",
              "nl": "13px",
              "pt-BR": "13px",
              "pt-PT": "13px",
              "sv": "13 px",
              "th": "13px",
              "zh-CN": "13 px",
              "zh-TW": "13px"
            }
          },
          {
            "value": "14px",
            "label": {
              "da": "14 px",
              "de": "14px",
              "en": "14px",
              "es": "14px",
              "fi": "14 pikseliä",
              "fr": "14 px",
              "hi": "14 पिक्सेल",
              "it": "14 px",
              "ja": "14ピクセル",
              "ko": "14픽셀",
              "nb": "14px",
              "nl": "14px",
              "pt-BR": "14px",
              "pt-PT": "14 px",
              "sv": "14 px",
              "th": "14px",
              "zh-CN": "14 px",
              "zh-TW": "14px"
            }
          },
          {
            "value": "15px",
            "label": {
              "da": "15 px",
              "de": "15px",
              "en": "15px",
              "es": "15px",
              "fi": "15 pikseliä",
              "fr": "15 px",
              "hi": "15 पिक्सेल",
              "it": "15 px",
              "ja": "15ピクセル",
              "ko": "15픽셀",
              "nb": "15px",
              "nl": "15px",
              "pt-BR": "15px",
              "pt-PT": "15 px",
              "sv": "15 px",
              "th": "15px",
              "zh-CN": "15 px",
              "zh-TW": "15px"
            }
          },
          {
            "value": "16px",
            "label": {
              "da": "16 px",
              "de": "16px",
              "en": "16px",
              "es": "16px",
              "fi": "16 pikseliä",
              "fr": "16 px",
              "hi": "16 पिक्सेल",
              "it": "16 px",
              "ja": "16ピクセル",
              "ko": "16픽셀",
              "nb": "16px",
              "nl": "16px",
              "pt-BR": "16px",
              "pt-PT": "16 px",
              "sv": "16 px",
              "th": "16px",
              "zh-CN": "16 px",
              "zh-TW": "16px"
            }
          },
          {
            "value": "17px",
            "label": {
              "da": "17 px",
              "de": "17px",
              "en": "17px",
              "es": "17px",
              "fi": "17 pikseliä",
              "fr": "17 px",
              "hi": "17 पिक्सेल",
              "it": "17 px",
              "ja": "17ピクセル",
              "ko": "17픽셀",
              "nb": "17px",
              "nl": "17px",
              "pt-BR": "17px",
              "pt-PT": "17 px",
              "sv": "17 px",
              "th": "17px",
              "zh-CN": "17 px",
              "zh-TW": "17px"
            }
          },
          {
            "value": "18px",
            "label": {
              "da": "18 px",
              "de": "18px",
              "en": "18px",
              "es": "18px",
              "fi": "18 pikseliä",
              "fr": "18 px",
              "hi": "18 पिक्सेल",
              "it": "18 px",
              "ja": "18ピクセル",
              "ko": "18픽셀",
              "nb": "18px",
              "nl": "18px",
              "pt-BR": "18px",
              "pt-PT": "18 px",
              "sv": "18 px",
              "th": "18px",
              "zh-CN": "18 px",
              "zh-TW": "18px"
            }
          },
          {
            "value": "19px",
            "label": {
              "da": "19 px",
              "de": "19px",
              "en": "19px",
              "es": "19px",
              "fi": "19 pikseliä",
              "fr": "19 px",
              "hi": "19 पिक्सेल",
              "it": "19 px",
              "ja": "19ピクセル",
              "ko": "19픽셀",
              "nb": "19px",
              "nl": "19px",
              "pt-BR": "19px",
              "pt-PT": "19 px",
              "sv": "19 px",
              "th": "19px",
              "zh-CN": "19 px",
              "zh-TW": "19px"
            }
          },
          {
            "value": "20px",
            "label": {
              "da": "20 px",
              "de": "20px",
              "en": "20px",
              "es": "20px",
              "fi": "20 pikseliä",
              "fr": "20 px",
              "hi": "20 पिक्सेल",
              "it": "20 px",
              "ja": "20ピクセル",
              "ko": "20픽셀",
              "nb": "20px",
              "nl": "20px",
              "pt-BR": "20px",
              "pt-PT": "20 px",
              "sv": "20 px",
              "th": "20 พิกเซล",
              "zh-CN": "20 px",
              "zh-TW": "20 像素"
            }
          },
          {
            "value": "21px",
            "label": {
              "da": "21 px",
              "de": "21px",
              "en": "21px",
              "es": "21px",
              "fi": "21 pikseliä",
              "fr": "21 px",
              "hi": "21 पिक्सेल",
              "it": "21 px",
              "ja": "21ピクセル",
              "ko": "21픽셀",
              "nb": "21px",
              "nl": "21px",
              "pt-BR": "21px",
              "pt-PT": "21 px",
              "sv": "21 px",
              "th": "21 พิกเซล",
              "zh-CN": "21 px",
              "zh-TW": "21 像素"
            }
          },
          {
            "value": "22px",
            "label": {
              "da": "22 px",
              "de": "22px",
              "en": "22px",
              "es": "22px",
              "fi": "22 pikseliä",
              "fr": "22 px",
              "hi": "22 पिक्सेल",
              "it": "22 px",
              "ja": "22ピクセル",
              "ko": "22픽셀",
              "nb": "22px",
              "nl": "22px",
              "pt-BR": "22px",
              "pt-PT": "22 px",
              "sv": "22 px",
              "th": "22 พิกเซล",
              "zh-CN": "22 px",
              "zh-TW": "22 像素"
            }
          }
        ]
      }
    ]
  },
  {
    "name": {
      "da": "Indkøbskurv",
      "de": "Warenkorb",
      "en": "Cart",
      "es": "Carrito",
      "fi": "Ostoskori",
      "fr": "Panier",
      "hi": "कार्ट",
      "it": "Carrello",
      "ja": "カート",
      "ko": "카트",
      "nb": "Handlekurv",
      "nl": "Winkelwagen",
      "pt-BR": "Carrinho",
      "pt-PT": "Carrinho",
      "sv": "Kundvagn",
      "th": "ตะกร้าสินค้า",
      "zh-CN": "购物车",
      "zh-TW": "購物車"
    },
    "settings": [
      {
        "type": "checkbox",
        "id": "cart_enable_ajax",
        "label": {
          "da": "Bliv på aktuel side, når vare lægges i indkøbskurven",
          "de": "Auf der aktuellen Seite bleiben, wenn Artikel zum Warenkorb hinzugefügt wird",
          "en": "Stay on current page when item is added to cart",
          "es": "Permanece en la página actual al agregar el artículo al carrito.",
          "fi": "Pysy nykyisellä sivulla, kun tuote lisätään ostoskoriin",
          "fr": "Rester sur la page actuelle lorsqu'un article est ajouté au panier",
          "hi": "जब वस्तु कार्ट में जोड़ी जाती है तो वर्तमान पेज पर रहें",
          "it": "Resta sulla pagina attuale quando l'articolo viene aggiunto al carrello",
          "ja": "アイテムがカートに追加されたときに現在のページにとどまる",
          "ko": "카트에 품목이 추가되면 현재 페이지에 머무십시오",
          "nb": "Bli på nåværende side når vare legges i handlekurven",
          "nl": "Blijf op de huidige pagina wanneer het product is toegevoegd",
          "pt-BR": "Permanecer na página atual quando o item for adicionado ao carrinho",
          "pt-PT": "Permanecer na página atual quando o item é adicionado ao carrinho",
          "sv": "Stanna på nuvarande sida när objektet läggs i kundvagnen",
          "th": "อยู่ในหน้าปัจจุบันเมื่อมีการเพิ่มรายการลงในตะกร้าสินค้า",
          "zh-CN": "在将产品添加到购物车时停留在当前页面",
          "zh-TW": "商品加入購物車時留在目前頁面"
        },
        "default": true
      }
    ]
  },
  {
    "name": {
      "da": "Navigation",
      "de": "navigation",
      "en": "Navigation",
      "es": "Navegación",
      "fi": "Navigointi",
      "fr": "Navigation",
      "hi": "नेविगेशन",
      "it": "Navigazione",
      "ja": "メニュー",
      "ko": "탐색",
      "nb": "Navigasjon",
      "nl": "Navigatie",
      "pt-BR": "Navegação",
      "pt-PT": "Navegação",
      "sv": "Navigering",
      "th": "การนำทาง",
      "zh-CN": "网站地图",
      "zh-TW": "導覽"
    },
    "settings": [
      {
        "type": "checkbox",
        "id": "show_breadcrumb_nav",
        "label": {
          "da": "Vis brødkrummenavigation",
          "de": "Brotkrümelnavigation anzeigen",
          "en": "Show breadcrumb navigation",
          "es": "Mostrar ruta de navegación",
          "fi": "Näytä navigointipolku",
          "fr": "Afficher la navigation avec un fil d'Ariane",
          "hi": "ब्रेडक्रम्ब नेविगेशन दिखाएं",
          "it": "Mostra navigazione tracciabile",
          "ja": "パンくずメニューを表示する",
          "ko": "브레드크럼 내비게이션 표시",
          "nb": "Vis navigasjon med synlig søkebane",
          "nl": "Kruimelpad weergeven",
          "pt-BR": "Exibir navegação estruturada",
          "pt-PT": "Mostrar navegação de trilho",
          "sv": "Visa navigering med länkstig",
          "th": "แสดงการนำทางแบบแสดงเส้นทาง",
          "zh-CN": "显示页面路径网站地图栏",
          "zh-TW": "顯示頁面路徑導覽"
        }
      }
    ]
  },
  {
    "name": {
      "da": "Sociale medier",
      "de": "Social Media",
      "en": "Social media",
      "es": "Redes sociales",
      "fi": "Some",
      "fr": "Médias sociaux",
      "hi": "सोशल मीडिया",
      "it": "Social media",
      "ja": "ソーシャルメディア",
      "ko": "소셜 미디어",
      "nb": "Sosiale medier",
      "nl": "Social media",
      "pt-BR": "Redes sociais",
      "pt-PT": "Redes sociais",
      "sv": "Sociala medier",
      "th": "โซเชียลมีเดีย",
      "zh-CN": "社交媒体",
      "zh-TW": "社交媒體"
    },
    "settings": [
      {
        "type": "header",
        "content": {
          "da": "Billede til deling på sociale medier",
          "de": "Social-Sharing-Bild",
          "en": "Social sharing image",
          "es": "Imagen de redes sociales",
          "fi": "Some-jakamiskuva",
          "fr": "Image de partage social",
          "hi": "सोशल शेयरिंग इमेज",
          "it": "Immagine per condivisione social",
          "ja": "SNSでシェアする画像",
          "ko": "소셜 공유 이미지",
          "nb": "Bilde for deling på sosiale medier",
          "nl": "Afbeelding voor delen via social media.",
          "pt-BR": "Imagem de compartilhamento em redes sociais",
          "pt-PT": "Imagem de partilha nas redes sociais",
          "sv": "Bild för social delning",
          "th": "รูปภาพสำหรับแชร์ลงโซเชียล",
          "zh-CN": "社交分享图片",
          "zh-TW": "社群分享圖示"
        }
      },
      {
        "type": "image_picker",
        "id": "share_image",
        "label": {
          "da": "Billede",
          "de": "Foto",
          "en": "Image",
          "es": "Imagen",
          "fi": "Kuva",
          "fr": "Image",
          "hi": "इमेज",
          "it": "Immagine",
          "ja": "画像",
          "ko": "이미지",
          "nb": "Bilde",
          "nl": "Afbeelding",
          "pt-BR": "Imagem",
          "pt-PT": "Imagem",
          "sv": "Bild",
          "th": "รูปภาพ",
          "zh-CN": "图片",
          "zh-TW": "圖片"
        },
        "info": {
          "da": "Vis ved deling af link på sociale medier. [Få mere at vide](https:\/\/help.shopify.com\/manual\/using-themes\/troubleshooting\/showing-social-media-thumbnail-images\/) om miniminiaturebilleder.",
          "de": "Wird angezeigt, wenn ein Link in den sozialen Medien geteilt wird. [Mehr Infos](https:\/\/help.shopify.com\/manual\/using-themes\/troubleshooting\/showing-social-media-thumbnail-images\/) über Bild-Miniaturansichten.",
          "en": "Shown when sharing a link on social media. [Learn more](https:\/\/help.shopify.com\/manual\/using-themes\/troubleshooting\/showing-social-media-thumbnail-images\/) about image thumbnails.",
          "es": "Aparece cuando se comparte un enlace en una red social. [Más información](https:\/\/help.shopify.com\/manual\/using-themes\/troubleshooting\/showing-social-media-thumbnail-images\/) acerca de las miniaturas",
          "fi": "Näkyy, kun jaat linkin sosiaaliseen mediaan. [Lisätietoja](https:\/\/help.shopify.com\/manual\/using-themes\/troubleshooting\/showing-social-media-thumbnail-images\/) tietoa pikkukuvista.",
          "fr": "Affichée lorsqu'un lien est partagé sur les réseaux sociaux. [En savoir plus](https:\/\/help.shopify.com\/manual\/using-themes\/troubleshooting\/showing-social-media-thumbnail-images\/) à propos des images miniatures.",
          "hi": "सोशल मीडिया पर लिंक शेयर करते समय दिखाना. [अधिक जानें](https:\/\/help.shopify.com\/manual\/using-themes\/troubleshooting\/showing-social-media-thumbnail-images\/) इमेज थंबनेल के बारे",
          "it": "Mostrata quando si condivide un link sui social media. [Maggiori informazioni](https:\/\/help.shopify.com\/manual\/using-themes\/troubleshooting\/showing-social-media-thumbnail-images\/) sulle immagini di anteprima.",
          "ja": "SNSでリンクがシェアされると表示されます。[詳細情報](https:\/\/help.shopify.com\/manual\/using-themes\/troubleshooting\/showing-social-media-thumbnail-images\/)画像のサムネイルについては、上のリンクを参照してください。",
          "ko": "소셜 미디어에서 링크 공유 시 표시 [자세히 보기](https:\/\/help.shopify.com\/manual\/using-themes\/troubleshooting\/showing-social-media-thumbnail-images\/) 이미지 썸네일에 대해",
          "nb": "Vist når en kobling deles i sosiale medier. [Finn ut mer](https:\/\/help.shopify.com\/manual\/using-themes\/troubleshooting\/showing-social-media-thumbnail-images\/) om miniatyrbilder.",
          "nl": "Wordt weergegeven wanneer je een link deelt via social media. [Meer informatie](https:\/\/help.shopify.com\/manual\/using-themes\/troubleshooting\/showing-social-media-thumbnail-images\/) over miniatuurafbeeldingen.",
          "pt-BR": "Apresentada ao compartilhar um link nas redes sociais. [Saiba mais](https:\/\/help.shopify.com\/manual\/using-themes\/troubleshooting\/showing-social-media-thumbnail-images\/) sobre miniaturas de imagens.",
          "pt-PT": "Apresentada ao partilhar uma ligação nas redes sociais. [Saiba mais](https:\/\/help.shopify.com\/manual\/using-themes\/troubleshooting\/showing-social-media-thumbnail-images\/) sobre miniaturas de imagem.",
          "sv": "Visas när du delar en länk på sociala medier. [Läs mer](https:\/\/help.shopify.com\/manual\/using-themes\/troubleshooting\/showing-social-media-thumbnail-images\/) om miniatyrbilder.",
          "th": "แสดงเมื่อแชร์ลิงก์บนโซเชียลมีเดีย [ดูข้อมูลเพิ่มเติม](https:\/\/help.shopify.com\/manual\/using-themes\/troubleshooting\/showing-social-media-thumbnail-images\/) เกี่ยวกับรูปภาพขนาดย่อ",
          "zh-CN": "在社交媒体上分享链接时显示。[了解有关图片缩略图的详细信息](https:\/\/help.shopify.com\/manual\/using-themes\/troubleshooting\/showing-social-media-thumbnail-images\/)。",
          "zh-TW": "在社群媒體上分享連結時顯示。[深入瞭解](https:\/\/help.shopify.com\/manual\/using-themes\/troubleshooting\/showing-social-media-thumbnail-images\/)圖片縮圖的相關資訊。"
        }
      },
      {
        "type": "header",
        "content": {
          "da": "SoMe-konti",
          "de": "Social-Media-Konten",
          "en": "Social accounts",
          "es": "Cuentas de redes sociales",
          "fi": "Sosiaalisen median tilit",
          "fr": "Comptes sociaux",
          "hi": "सोशल खाते",
          "it": "Account social",
          "ja": "ソーシャルアカウント",
          "ko": "소셜 계정",
          "nb": "Sosiale kontoer",
          "nl": "Socialmedia-accounts",
          "pt-BR": "Contas de redes sociais",
          "pt-PT": "Contas de redes sociais",
          "sv": "Sociala konton",
          "th": "บัญชีโซเชียลมีเดีย",
          "zh-CN": "社媒帐户",
          "zh-TW": "社群帳戶"
        }
      },
      {
        "type": "text",
        "id": "social_facebook_link",
        "label": {
          "da": "Facebook",
          "de": "Facebook",
          "en": "Facebook",
          "es": "Facebook",
          "fi": "Facebook",
          "fr": "Facebook",
          "hi": "Facebook",
          "it": "Facebook",
          "ja": "Facebook",
          "ko": "Facebook",
          "nb": "Facebook",
          "nl": "Facebook",
          "pt-BR": "Facebook",
          "pt-PT": "Facebook",
          "sv": "Facebook",
          "th": "Facebook",
          "zh-CN": "Facebook",
          "zh-TW": "Facebook"
        },
        "info": {
          "da": "https:\/\/www.facebook.com\/shopify",
          "de": "https:\/\/www.facebook.com\/shopify",
          "en": "https:\/\/www.facebook.com\/shopify",
          "es": "https:\/\/www.facebook.com\/shopify",
          "fi": "https:\/\/www.facebook.com\/shopify",
          "fr": "https:\/\/www.facebook.com\/shopify",
          "hi": "https:\/\/www.facebook.com\/shopify",
          "it": "https:\/\/www.facebook.com\/shopify",
          "ja": "https:\/\/www.facebook.com\/shopify",
          "ko": "https:\/\/www.facebook.com\/shopify",
          "nb": "https:\/\/www.facebook.com\/shopify",
          "nl": "https:\/\/www.facebook.com\/shopify",
          "pt-BR": "https:\/\/www.facebook.com\/shopify",
          "pt-PT": "https:\/\/www.facebook.com\/shopify",
          "sv": "https:\/\/www.facebook.com\/shopify",
          "th": "https:\/\/www.facebook.com\/shopify",
          "zh-CN": "https:\/\/www.facebook.com\/shopify",
          "zh-TW": "https:\/\/www.facebook.com\/shopify"
        }
      },
      {
        "type": "text",
        "id": "social_twitter_link",
        "label": {
          "da": "Twitter",
          "de": "Twitter",
          "en": "Twitter",
          "es": "Twitter",
          "fi": "Twitter",
          "fr": "Twitter",
          "hi": "Twitter",
          "it": "Twitter",
          "ja": "Twitter",
          "ko": "Twitter",
          "nb": "Twitter",
          "nl": "Twitter",
          "pt-BR": "Twitter",
          "pt-PT": "Twitter",
          "sv": "Twitter",
          "th": "Twitter",
          "zh-CN": "Twitter",
          "zh-TW": "Twitter"
        },
        "info": {
          "da": "https:\/\/twitter.com\/shopify",
          "de": "https:\/\/twitter.com\/shopify",
          "en": "https:\/\/twitter.com\/shopify",
          "es": "https:\/\/twitter.com\/shopify",
          "fi": "https:\/\/twitter.com\/shopify",
          "fr": "https:\/\/twitter.com\/shopify",
          "hi": "https:\/\/twitter.com\/shopify",
          "it": "https:\/\/twitter.com\/shopify",
          "ja": "https:\/\/twitter.com\/shopify",
          "ko": "https:\/\/twitter.com\/shopify",
          "nb": "https:\/\/twitter.com\/shopify",
          "nl": "https:\/\/twitter.com\/shopify",
          "pt-BR": "https:\/\/twitter.com\/shopify",
          "pt-PT": "https:\/\/twitter.com\/shopify",
          "sv": "https:\/\/twitter.com\/shopify",
          "th": "https:\/\/twitter.com\/shopify",
          "zh-CN": "https:\/\/twitter.com\/shopify",
          "zh-TW": "https:\/\/twitter.com\/shopify"
        }
      },
      {
        "type": "text",
        "id": "social_pinterest_link",
        "label": {
          "da": "Pinterest",
          "de": "Pinterest",
          "en": "Pinterest",
          "es": "Pinterest",
          "fi": "Pinterest",
          "fr": "Pinterest",
          "hi": "Pinterest",
          "it": "Pinterest",
          "ja": "Pinterest",
          "ko": "Pinterest",
          "nb": "Pinterest",
          "nl": "Pinterest",
          "pt-BR": "Pinterest",
          "pt-PT": "Pinterest",
          "sv": "Pinterest",
          "th": "Pinterest",
          "zh-CN": "Pinterest",
          "zh-TW": "Pinterest"
        },
        "info": {
          "da": "https:\/\/www.pinterest.com\/shopify",
          "de": "https:\/\/www.pinterest.com\/shopify",
          "en": "https:\/\/www.pinterest.com\/shopify",
          "es": "https:\/\/www.pinterest.com\/shopify",
          "fi": "https:\/\/www.pinterest.com\/shopify",
          "fr": "https:\/\/www.pinterest.com\/shopify",
          "hi": "https:\/\/www.pinterest.com\/shopify",
          "it": "https:\/\/www.pinterest.com\/shopify",
          "ja": "https:\/\/www.pinterest.com\/shopify",
          "ko": "https:\/\/www.pinterest.com\/shopify",
          "nb": "https:\/\/www.pinterest.com\/shopify",
          "nl": "https:\/\/www.pinterest.com\/shopify",
          "pt-BR": "https:\/\/www.pinterest.com\/shopify",
          "pt-PT": "https:\/\/www.pinterest.com\/shopify",
          "sv": "https:\/\/www.pinterest.com\/shopify",
          "th": "https:\/\/www.pinterest.com\/shopify",
          "zh-CN": "https:\/\/www.pinterest.com\/shopify",
          "zh-TW": "https:\/\/www.facebook.com\/shopify"
        }
      },
      {
        "type": "text",
        "id": "social_instagram_link",
        "label": {
          "da": "Instagram",
          "de": "Instagram",
          "en": "Instagram",
          "es": "Instagram",
          "fi": "Instagram",
          "fr": "Instagram",
          "hi": "Instagram",
          "it": "Instagram",
          "ja": "Instagram",
          "ko": "Instagram",
          "nb": "Instagram",
          "nl": "Instagram",
          "pt-BR": "Instagram",
          "pt-PT": "Instagram",
          "sv": "Instagram",
          "th": "Instagram",
          "zh-CN": "Instagram",
          "zh-TW": "Instagram"
        },
        "info": {
          "da": "https:\/\/instagram.com\/shopify",
          "de": "https:\/\/instagram.com\/shopify",
          "en": "https:\/\/instagram.com\/shopify",
          "es": "https:\/\/instagram.com\/shopify",
          "fi": "https:\/\/instagram.com\/shopify",
          "fr": "https:\/\/instagram.com\/shopify",
          "hi": "https:\/\/instagram.com\/shopify",
          "it": "https:\/\/instagram.com\/shopify",
          "ja": "https:\/\/instagram.com\/shopify",
          "ko": "https:\/\/instagram.com\/shopify",
          "nb": "https:\/\/instagram.com\/shopify",
          "nl": "https:\/\/instagram.com\/shopify",
          "pt-BR": "https:\/\/instagram.com\/shopify",
          "pt-PT": "https:\/\/instagram.com\/shopify",
          "sv": "https:\/\/instagram.com\/shopify",
          "th": "https:\/\/instagram.com\/shopify",
          "zh-CN": "https:\/\/instagram.com\/shopify",
          "zh-TW": "https:\/\/instagram.com\/shopify"
        }
      },
      {
        "type": "text",
        "id": "social_snapchat_link",
        "label": {
          "da": "Snapchat",
          "de": "Snapchat",
          "en": "Snapchat",
          "es": "Snapchat",
          "fi": "Snapchat",
          "fr": "Snapchat",
          "hi": "Snapchat",
          "it": "Snapchat",
          "ja": "Snapchat",
          "ko": "Snapchat",
          "nb": "Snapchat",
          "nl": "Snapchat",
          "pt-BR": "Snapchat",
          "pt-PT": "Snapchat",
          "sv": "Snapchat",
          "th": "Snapchat",
          "zh-CN": "Snapchat",
          "zh-TW": "Snapchat"
        },
        "info": {
          "da": "https:\/\/snapchat.com\/add\/shopify",
          "de": "https:\/\/snapchat.com\/add\/shopify",
          "en": "https:\/\/snapchat.com\/add\/shopify",
          "es": "https:\/\/snapchat.com\/add\/shopify",
          "fi": "https:\/\/snapchat.com\/add\/shopify",
          "fr": "https:\/\/snapchat.com\/add\/shopify",
          "hi": "https:\/\/snapchat.com\/add\/shopify",
          "it": "https:\/\/snapchat.com\/add\/shopify",
          "ja": "https:\/\/snapchat.com\/add\/shopify",
          "ko": "https:\/\/snapchat.com\/add\/shopify",
          "nb": "https:\/\/snapchat.com\/add\/shopify",
          "nl": "https:\/\/snapchat.com\/add\/shopify",
          "pt-BR": "https:\/\/www.snapchat.com\/add\/shopify",
          "pt-PT": "https:\/\/snapchat.com\/add\/shopify",
          "sv": "https:\/\/snapchat.com\/add\/shopify",
          "th": "https:\/\/snapchat.com\/add\/shopify",
          "zh-CN": "https:\/\/snapchat.com\/add\/shopify",
          "zh-TW": "https:\/\/snapchat.com\/add\/shopify"
        }
      },
      {
        "type": "text",
        "id": "social_google_plus_link",
        "label": {
          "da": "Google Plus",
          "de": "Google Plus",
          "en": "Google Plus",
          "es": "Google Plus",
          "fi": "Google Plus",
          "fr": "Google Plus",
          "hi": "Google Plus",
          "it": "Google Plus",
          "ja": "Google Plus",
          "ko": "Google 플러스",
          "nb": "Google Plus",
          "nl": "Google Plus",
          "pt-BR": "Google Plus",
          "pt-PT": "Google Plus",
          "sv": "Google Plus",
          "th": "Google Plus",
          "zh-CN": "Google Plus",
          "zh-TW": "Google+"
        },
        "info": {
          "da": "https:\/\/plus.google.com\/+shopify",
          "de": "https:\/\/plus.google.com\/+shopify",
          "en": "https:\/\/plus.google.com\/+shopify",
          "es": "https:\/\/plus.google.com\/+shopify",
          "fi": "https:\/\/plus.google.com\/+shopify",
          "fr": "https:\/\/plus.google.com\/+shopify",
          "hi": "https:\/\/plus.google.com\/+shopify",
          "it": "https:\/\/plus.google.com\/+shopify",
          "ja": "https:\/\/plus.google.com\/+shopify",
          "ko": "https:\/\/plus.google.com\/+shopify",
          "nb": "https:\/\/plus.google.com\/+shopify",
          "nl": "https:\/\/plus.google.com\/+shopify",
          "pt-BR": "https:\/\/plus.google.com\/+shopify",
          "pt-PT": "https:\/\/plus.google.com\/+shopify",
          "sv": "https:\/\/plus.google.com\/+shopify",
          "th": "https:\/\/plus.google.com\/+shopify",
          "zh-CN": "https:\/\/plus.google.com\/+shopify",
          "zh-TW": "https:\/\/plus.google.com\/+shopify"
        }
      },
      {
        "type": "text",
        "id": "social_tumblr_link",
        "label": {
          "da": "Tumblr",
          "de": "Tumblr",
          "en": "Tumblr",
          "es": "Tumblr",
          "fi": "Tumblr",
          "fr": "Tumblr",
          "hi": "Tumblr",
          "it": "Tumblr",
          "ja": "Tumblr",
          "ko": "Tumblr",
          "nb": "Tumblr",
          "nl": "Tumblr",
          "pt-BR": "Tumblr",
          "pt-PT": "Tumblr",
          "sv": "Tumblr",
          "th": "Tumblr",
          "zh-CN": "Tumblr",
          "zh-TW": "Tumblr"
        },
        "info": {
          "da": "http:\/\/shopify.tumblr.com",
          "de": "http:\/\/shopify.tumblr.com",
          "en": "http:\/\/shopify.tumblr.com",
          "es": "http:\/\/shopify.tumblr.com",
          "fi": "http:\/\/shopify.tumblr.com",
          "fr": "http:\/\/shopify.tumblr.com",
          "hi": "http:\/\/shopify.tumblr.com",
          "it": "http:\/\/shopify.tumblr.com",
          "ja": "http:\/\/shopify.tumblr.com",
          "ko": "http:\/\/shopify.tumblr.com",
          "nb": "http:\/\/shopify.tumblr.com",
          "nl": "http:\/\/shopify.tumblr.com",
          "pt-BR": "http:\/\/shopify.tumblr.com",
          "pt-PT": "http:\/\/shopify.tumblr.com",
          "sv": "http:\/\/shopify.tumblr.com",
          "th": "http:\/\/shopify.tumblr.com",
          "zh-CN": "http:\/\/shopify.tumblr.com",
          "zh-TW": "http:\/\/shopify.tumblr.com"
        }
      },
      {
        "type": "text",
        "id": "social_youtube_link",
        "label": {
          "da": "YouTube",
          "de": "Youtube",
          "en": "YouTube",
          "es": "Youtube",
          "fi": "YouTube",
          "fr": "YouTube",
          "hi": "YouTube",
          "it": "YouTube",
          "ja": "YouTube",
          "ko": "YouTube",
          "nb": "YouTube",
          "nl": "YouTube",
          "pt-BR": "YouTube",
          "pt-PT": "YouTube",
          "sv": "YouTube",
          "th": "YouTube",
          "zh-CN": "YouTube",
          "zh-TW": "YouTube"
        },
        "info": {
          "da": "https:\/\/www.youtube.com\/user\/shopify",
          "de": "https:\/\/www.youtube.com\/user\/shopify",
          "en": "https:\/\/www.youtube.com\/user\/shopify",
          "es": "https:\/\/www.youtube.com\/user\/shopify",
          "fi": "https:\/\/www.youtube.com\/user\/shopify",
          "fr": "https:\/\/www.youtube.com\/user\/shopify",
          "hi": "https:\/\/www.youtube.com\/user\/shopify",
          "it": "https:\/\/www.youtube.com\/user\/shopify",
          "ja": "https:\/\/www.youtube.com\/user\/shopify",
          "ko": "https:\/\/www.youtube.com\/user\/shopify",
          "nb": "https:\/\/www.youtube.com\/user\/shopify",
          "nl": "https:\/\/www.youtube.com\/user\/shopify",
          "pt-BR": "https:\/\/www.youtube.com\/user\/shopify",
          "pt-PT": "https:\/\/www.youtube.com\/user\/shopify",
          "sv": "https:\/\/www.youtube.com\/user\/shopify",
          "th": "https:\/\/www.youtube.com\/user\/shopify",
          "zh-CN": "https:\/\/www.youtube.com\/user\/shopify",
          "zh-TW": "https:\/\/www.youtube.com\/user\/shopify"
        }
      },
      {
        "type": "text",
        "id": "social_vimeo_link",
        "label": {
          "da": "Vimeo",
          "de": "Vimeo",
          "en": "Vimeo",
          "es": "Vimeo",
          "fi": "Vimeo",
          "fr": "Vimeo",
          "hi": "Vimeo",
          "it": "Vimeo",
          "ja": "Vimeo",
          "ko": "Vimeo",
          "nb": "Vimeo",
          "nl": "Vimeo",
          "pt-BR": "Vimeo",
          "pt-PT": "Vimeo",
          "sv": "Vimeo",
          "th": "Vimeo",
          "zh-CN": "Vimeo",
          "zh-TW": "Vimeo"
        },
        "info": {
          "da": "https:\/\/vimeo.com\/shopify",
          "de": "https:\/\/vimeo.com\/shopify",
          "en": "https:\/\/vimeo.com\/shopify",
          "es": "https:\/\/vimeo.com\/shopify",
          "fi": "https:\/\/vimeo.com\/shopify",
          "fr": "https:\/\/vimeo.com\/shopify",
          "hi": "https:\/\/vimeo.com\/shopify",
          "it": "https:\/\/vimeo.com\/shopify",
          "ja": "https:\/\/vimeo.com\/shopify",
          "ko": "https:\/\/vimeo.com\/shopify",
          "nb": "https:\/\/vimeo.com\/shopify",
          "nl": "https:\/\/vimeo.com\/shopify",
          "pt-BR": "https:\/\/vimeo.com\/shopify",
          "pt-PT": "https:\/\/vimeo.com\/shopify",
          "sv": "https:\/\/vimeo.com\/shopify",
          "th": "https:\/\/vimeo.com\/shopify",
          "zh-CN": "https:\/\/vimeo.com\/shopify",
          "zh-TW": "https:\/\/vimeo.com\/shopify"
        }
      },
      {
        "type": "text",
        "id": "social_fancy_link",
        "label": {
          "da": "Fancy",
          "de": "Fancy",
          "en": "Fancy",
          "es": "Fancy",
          "fi": "Fancy",
          "fr": "Fancy",
          "hi": "फ़ेंसी",
          "it": "Fancy",
          "ja": "Fancy",
          "ko": "팬시",
          "nb": "Fancy",
          "nl": "Fancy",
          "pt-BR": "Fancy",
          "pt-PT": "Fancy",
          "sv": "Fancy",
          "th": "Fancy",
          "zh-CN": "Fancy",
          "zh-TW": "Fancy"
        },
        "info": {
          "da": "http:\/\/fancy.com\/Shopify",
          "de": "http:\/\/fancy.com\/Shopify",
          "en": "http:\/\/fancy.com\/Shopify",
          "es": "http:\/\/fancy.com\/Shopify",
          "fi": "http:\/\/fancy.com\/Shopify",
          "fr": "http:\/\/fancy.com\/Shopify",
          "hi": "http:\/\/fancy.com\/Shopify",
          "it": "http:\/\/fancy.com\/Shopify",
          "ja": "http:\/\/fancy.com\/Shopify",
          "ko": "http:\/\/fancy.com\/Shopify",
          "nb": "http:\/\/fancy.com\/Shopify",
          "nl": "http:\/\/fancy.com\/Shopify",
          "pt-BR": "http:\/\/fancy.com\/Shopify",
          "pt-PT": "http:\/\/fancy.com\/Shopify",
          "sv": "http:\/\/fancy.com\/Shopify",
          "th": "http:\/\/fancy.com\/Shopify",
          "zh-CN": "http:\/\/fancy.com\/Shopify",
          "zh-TW": "http:\/\/fancy.com\/Shopify"
        }
      },
      {
        "type": "blog",
        "id": "main_blog",
        "label": {
          "da": "Blog",
          "de": "Blog",
          "en": "Blog",
          "es": "Blog",
          "fi": "Blogi",
          "fr": "Blog",
          "hi": "ब्लॉग",
          "it": "Blog",
          "ja": "ブログ",
          "ko": "블로그",
          "nb": "Blogg",
          "nl": "Blog",
          "pt-BR": "Blog",
          "pt-PT": "Blogue",
          "sv": "Blogg",
          "th": "บล็อก",
          "zh-CN": "博客",
          "zh-TW": "部落格"
        }
      },
      {
        "type": "header",
        "content": {
          "da": "Muligheder for deling på sociale medier",
          "de": "Social-Sharing-Optionen",
          "en": "Social sharing options",
          "es": "Opciones para compartir en redes sociales",
          "fi": "Sosiaalisen median jakamisvaihtoehdot",
          "fr": "Options de partage social",
          "hi": "सोशल शेयरिंग के विकल्प",
          "it": "Opzioni di condivisione sui social",
          "ja": "SNSシェアのオプション",
          "ko": "소셜 공유 옵션",
          "nb": "Knapper for deling på sosiale medier",
          "nl": "Opties voor sociaal delen",
          "pt-BR": "Opções de compartilhamento em redes sociais",
          "pt-PT": "Opções de partilha em redes sociais",
          "sv": "Alternativ för delning i sociala medier",
          "th": "ตัวเลือกการแชร์ไปยังโซเชียลมีเดีย",
          "zh-CN": "社交分享选项",
          "zh-TW": "社群分享選項"
        }
      },
      {
        "type": "checkbox",
        "id": "share_facebook",
        "label": {
          "da": "Del på Facebook",
          "de": "Auf Facebook teilen",
          "en": "Share on Facebook",
          "es": "Compartir en Facebook",
          "fi": "Jaa Facebookissa",
          "fr": "Partager sur Facebook",
          "hi": "Facebook पर साझा करें",
          "it": "Condividi su Facebook",
          "ja": "Facebookでシェアする",
          "ko": "Facebook에서 공유",
          "nb": "Del på Facebook",
          "nl": "Delen op Facebook",
          "pt-BR": "Compartilhar no Facebook",
          "pt-PT": "Partilhe no Facebook",
          "sv": "Dela på Facebook",
          "th": "แชร์บน Facebook",
          "zh-CN": "在 Facebook 上共享",
          "zh-TW": "分享至 Facebook"
        }
      },
      {
        "type": "checkbox",
        "id": "share_twitter",
        "label": {
          "da": "Tweet på Twitter",
          "de": "Auf Twitter twittern",
          "en": "Tweet on Twitter",
          "es": "Tuitear en Twitter",
          "fi": "Twiittaa Twitterissä",
          "fr": "Tweeter sur Twitter",
          "hi": "Twitter पर ट्वीट करें",
          "it": "Twitta su Twitter",
          "ja": "Twitterに投稿する",
          "ko": "Twitter에서 트윗 작성",
          "nb": "Tweet på Twitter",
          "nl": "Twitteren op Twitter",
          "pt-BR": "Tuitar",
          "pt-PT": "Twittar no Twitter",
          "sv": "Twittra på Twitter",
          "th": "ทวีตบน Twitter",
          "zh-CN": "在 Twitter 上发推文",
          "zh-TW": "在 Twitter 上發佈推文"
        }
      },
      {
        "type": "checkbox",
        "id": "share_pinterest",
        "label": {
          "da": "Pin på Pinterest",
          "de": "Auf Pinterest pinnen",
          "en": "Pin on Pinterest",
          "es": "Pinear en Pinterest",
          "fi": "Pinnaa Pinterestissä",
          "fr": "Épingler sur Pinterest",
          "hi": "Pinterest पर पिन करें",
          "it": "Pinna su Pinterest",
          "ja": "Pinterestでピンする",
          "ko": "Pinterest에 고정하기",
          "nb": "Pin på Pinterest",
          "nl": "Pinnen op Pinterest",
          "pt-BR": "Incluir como pin no Pinterest",
          "pt-PT": "Adicione no Pinterest",
          "sv": "Spara en pin på Pinterest",
          "th": "ปักหมุดบน Pinterest",
          "zh-CN": "固定在 Pinterest 上",
          "zh-TW": "加入 Pinterest"
        }
      }
    ]
  },
  {
    "name": {
      "da": "Favicon",
      "de": "Favicon",
      "en": "Favicon",
      "es": "Favicon",
      "fi": "Favicon",
      "fr": "Favicon",
      "hi": "Favicon",
      "it": "Favicon",
      "ja": "ファビコン",
      "ko": "Favicon",
      "nb": "Favicon",
      "nl": "Favicon",
      "pt-BR": "Favicon",
      "pt-PT": "Favicon",
      "sv": "Favicon",
      "th": "Favicon",
      "zh-CN": "网站图标",
      "zh-TW": "Favicon"
    },
    "settings": [
      {
        "type": "image_picker",
        "id": "favicon",
        "label": {
          "da": "Favicon-billede",
          "de": "Favicon-Bild",
          "en": "Favicon image",
          "es": "Imagen de favicon",
          "fi": "Favicon-kuva",
          "fr": "Image favicon",
          "hi": "favicon इमेज",
          "it": "Immagine favicon",
          "ja": "ファビコン画像",
          "ko": "파비콘 이미지",
          "nb": "Favicon-bilde",
          "nl": "Favicon-afbeelding",
          "pt-BR": "Imagem favicon",
          "pt-PT": "Imagem Favicon",
          "sv": "Favicon-bild",
          "th": "รูปภาพ Favicon",
          "zh-CN": "网站图标图片",
          "zh-TW": "Favicon 圖片"
        },
        "info": {
          "da": "Skaleres ned til 32 x 32 px",
          "de": "Wird auf 32 x 32 Pixel verkleinert",
          "en": "Will be scaled down to 32 x 32px",
          "es": "Se reducirá a 32 x 32px",
          "fi": "Skaalataan 32 x 32 pikseliin",
          "fr": "Sera réduite à 32 x 32 px",
          "hi": "32 x 32 पिक्सेल के आकार का कर दिया जाएगा",
          "it": "Verrà ridimensionata a 32 x 32 pixel.",
          "ja": "32×32ピクセルに縮小されます。",
          "ko": "32x32 픽셀로 축소됩니다.",
          "nb": "Vil skaleres ned til 32 x 32 px",
          "nl": "Wordt verkleind tot 32x32 pixels",
          "pt-BR": "Será reduzida para 32 x 32 pixels",
          "pt-PT": "Será reduzida para 32 x 32 px",
          "sv": "Kommer skalas ned till 32 x 32 px",
          "th": "จะถูกลดขนาดลงเป็น 32 x 32 พิกเซล",
          "zh-CN": "将缩小到 32 x 32px",
          "zh-TW": "將會縮小為 32 x 32 像素"
        }
      }
    ]
  }
]